DDR3_A0,U3
DDR3_A1,W6
DDR3_A2,V3
DDR3_A3,U1
DDR3_A4,AB2
DDR3_A5,U2
DDR3_A6,AB3
DDR3_A7,V2
DDR3_A8,AB5
DDR3_A9,Y3
DDR3_A10,U5
DDR3_A11,AA5
DDR3_A12,V5
DDR3_A13,AA1
DDR3_A14,AA3
DDR3_BA0,R4
DDR3_BA1,AB1
DDR3_BA2,T4
DDR3_SO,T1
DDR3_WE,T5
DDR3_CAS,R6
DDR3_RAS,R3
DDR3_CKE0,T6
DDR3_ODT,R2
DDR3_RESET,W2
DDR3_CLK_P,Y4
DDR3_CLK_N,AA4
DDR3_ACC0,Y2
DDR3_ACC1,W1
DDR3_ACC2,U6
DDR3_ACC3,Y1
DDR3_ACC4,W5
DDR3_ACC5,Y6
DDR3_ACC6,AA6
DDR3_ACC7,V9
DDR3_ACC8,V8
DDR3_ACC9,V7
DDR3_ACC10,W7
DDR3_ACC11,AB7
DDR3_ACC12,AB6
DDR3_ACC13,AA8
DDR3_ACC14,AB8
DDR3_ACC15,Y8
DDR3_ACC16,Y7
DDR3_ACC17,W9
DDR3_ACC18,Y9
DDR3_DQS0_P,M1
DDR3_DQS0_N,L1
DDR3_DM0,L5
DDR3_D0,K6
DDR3_D1,M3
DDR3_D2,K4
DDR3_D3,L4
DDR3_D4,J4
DDR3_D5,L3
DDR3_D6,K3
DDR3_D7,M2
DDR3_T0,J6
DDR3_DQS1_P,P5
DDR3_DQS1_N,P4
DDR3_DM1,N2
DDR3_D8,P2
DDR3_D9,N3
DDR3_D10,P6
DDR3_D11,M6
DDR3_D12,P1
DDR3_D13,N5
DDR3_D14,R1
DDR3_D15,N4
DDR3_T1,M5
DDR3_DQS2_P,E1
DDR3_DQS2_N,D1
DDR3_DM2,G1
DDR3_D16,D2
DDR3_D17,E2
DDR3_D18,C2
DDR3_D19,E3
DDR3_D20,B2
DDR3_D21,F1
DDR3_D22,B1
DDR3_D23,F3
DDR3_T2,A1
DDR3_DQS3_P,K2
DDR3_DQS3_N,J2
DDR3_DM3,H3
DDR3_D24,H2
DDR3_D25,G2
DDR3_D26,J1
DDR3_D27,G4
DDR3_D28,J5
DDR3_D29,H4
DDR3_D30,K1
DDR3_D31,G3
DDR3_T3,H5
